numberOfackers,0,evaluatorParrellism,36,routingParrellism,10,spoutParallesim,15,numberOfQueryKeywords,1,numberOfQueries,5000000,spatialRange,5.0,localIndexType,HYBRID_GRID,globalIndexType,PARTITIONED_TEXT_AWARE
Topology Id, Tornado-8-1462097078,Number of Workers,63,600,Spid,Tweets , emitt,851231 , ack,0 , failed,0 , completeLatency,0.0, upTime,1061_1060_1061_1064_1060_1063_1061_1061_1061_1060_1060_1058_1060_1060_1057_,Spid,querySource , emitt,0 , ack,0 , failed,0 , completeLatency,0.0, upTime,1057_,totall,Spid,Tweets , emitt,584247700 , ack,0 , failed,0 , completeLatency,0.0, upTime,1061_1060_1061_1064_1060_1063_1061_1061_1061_1060_1060_1058_1060_1060_1057_,Spid,querySource , emitt,4999980 , ack,0 , failed,0 , completeLatency,0.0, upTime,1057_,600,Bolt id,Tornado_index,Emitted,Tornado_index_bolt_extension_query,0,Tornado_index_bolt_extension_data,69797,,Eexecuted,querySource_default,0,Tweets_default,851479,,ExecutedstdquerySource_default,0.0,Tweets_default,10713.683712537691,,Eexecute_Latency,querySource_default,0.0,Tweets_default,0.004422128361095586,,minup time,1054,maxup time,1063,Bolt id,Tornado,Emitted,_bolt_output_extension,96,,Eexecuted,Tornado_index_Tornado_index_bolt_extension_data,69792,Tornado_index_Tornado_index_bolt_extension_query,0,,ExecutedstdTornado_index_Tornado_index_bolt_extension_data,2212.8917359700317,Tornado_index_Tornado_index_bolt_extension_query,0.0,,Eexecute_Latency,Tornado_index_Tornado_index_bolt_extension_data,0.020693550682148606,Tornado_index_Tornado_index_bolt_extension_query,0.0,,minup time,1054,maxup time,1064,total,Bolt id,Tornado_index,Emitted,Tornado_index_bolt_extension_query,5209540,Tornado_index_bolt_extension_data,47767160,,Eexecuted,querySource_default,50000000,Tweets_default,583575240,,ExecutedstdquerySource_default,0.0,Tweets_default,7371611.3144023,,Eexecute_Latency,querySource_default,0.013319999999999999,Tweets_default,0.004404594538702328,,minup time,1054,maxup time,1063,Bolt id,Tornado,Emitted,_bolt_output_extension,66400,,Eexecuted,Tornado_index_Tornado_index_bolt_extension_data,47806500,Tornado_index_Tornado_index_bolt_extension_query,5209640,,ExecutedstdTornado_index_Tornado_index_bolt_extension_data,1515792.8625520999,Tornado_index_Tornado_index_bolt_extension_query,106297.58189763279,,Eexecute_Latency,Tornado_index_Tornado_index_bolt_extension_data,0.021426535503929183,Tornado_index_Tornado_index_bolt_extension_query,0.03538652403362252,,minup time,1054,maxup time,1064,
Topology Id, Tornado-8-1462097078,Number of Workers,63,600,Spid,Tweets , emitt,851799 , ack,0 , failed,0 , completeLatency,0.0, upTime,1124_1121_1121_1124_1124_1123_1121_1121_1125_1123_1124_1122_1123_1124_1120_,Spid,querySource , emitt,0 , ack,0 , failed,0 , completeLatency,0.0, upTime,1117_,totall,Spid,Tweets , emitt,637057260 , ack,0 , failed,0 , completeLatency,0.0, upTime,1124_1121_1121_1124_1124_1123_1121_1121_1125_1123_1124_1122_1123_1124_1120_,Spid,querySource , emitt,4999980 , ack,0 , failed,0 , completeLatency,0.0, upTime,1117_,600,Bolt id,Tornado_index,Emitted,Tornado_index_bolt_extension_query,0,Tornado_index_bolt_extension_data,69816,,Eexecuted,querySource_default,0,Tweets_default,852090,,ExecutedstdquerySource_default,0.0,Tweets_default,10599.463590029241,,Eexecute_Latency,querySource_default,0.0,Tweets_default,0.004440375976647908,,minup time,1118,maxup time,1125,Bolt id,Tornado,Emitted,_bolt_output_extension,96,,Eexecuted,Tornado_index_Tornado_index_bolt_extension_data,69816,Tornado_index_Tornado_index_bolt_extension_query,0,,ExecutedstdTornado_index_Tornado_index_bolt_extension_data,2213.5260023852184,Tornado_index_Tornado_index_bolt_extension_query,0.0,,Eexecute_Latency,Tornado_index_Tornado_index_bolt_extension_data,0.019876477165065645,Tornado_index_Tornado_index_bolt_extension_query,0.0,,minup time,1118,maxup time,1126,total,Bolt id,Tornado_index,Emitted,Tornado_index_bolt_extension_query,5209540,Tornado_index_bolt_extension_data,52133280,,Eexecuted,querySource_default,50000000,Tweets_default,636671940,,ExecutedstdquerySource_default,0.0,Tweets_default,7932965.5292736525,,Eexecute_Latency,querySource_default,0.013319999999999999,Tweets_default,0.004414596638114203,,minup time,1118,maxup time,1125,Bolt id,Tornado,Emitted,_bolt_output_extension,72340,,Eexecuted,Tornado_index_Tornado_index_bolt_extension_data,52132980,Tornado_index_Tornado_index_bolt_extension_query,5209640,,ExecutedstdTornado_index_Tornado_index_bolt_extension_data,1652979.0684322051,Tornado_index_Tornado_index_bolt_extension_query,106297.58189763279,,Eexecute_Latency,Tornado_index_Tornado_index_bolt_extension_data,0.02103504731559299,Tornado_index_Tornado_index_bolt_extension_query,0.03538652403362252,,minup time,1118,maxup time,1126,
Topology Id, Tornado-8-1462097078,Number of Workers,63,600,Spid,Tweets , emitt,852447 , ack,0 , failed,0 , completeLatency,0.0, upTime,1184_1184_1184_1187_1184_1186_1184_1184_1185_1184_1187_1182_1186_1184_1180_,Spid,querySource , emitt,0 , ack,0 , failed,0 , completeLatency,0.0, upTime,1180_,totall,Spid,Tweets , emitt,689765520 , ack,0 , failed,0 , completeLatency,0.0, upTime,1184_1184_1184_1187_1184_1186_1184_1184_1185_1184_1187_1182_1186_1184_1180_,Spid,querySource , emitt,4999980 , ack,0 , failed,0 , completeLatency,0.0, upTime,1180_,600,Bolt id,Tornado_index,Emitted,Tornado_index_bolt_extension_query,0,Tornado_index_bolt_extension_data,69870,,Eexecuted,querySource_default,0,Tweets_default,852495,,ExecutedstdquerySource_default,0.0,Tweets_default,10480.162369062462,,Eexecute_Latency,querySource_default,0.0,Tweets_default,0.004450582016274337,,minup time,1181,maxup time,1186,Bolt id,Tornado,Emitted,_bolt_output_extension,96,,Eexecuted,Tornado_index_Tornado_index_bolt_extension_data,69867,Tornado_index_Tornado_index_bolt_extension_query,0,,ExecutedstdTornado_index_Tornado_index_bolt_extension_data,2215.5098151332727,Tornado_index_Tornado_index_bolt_extension_query,0.0,,Eexecute_Latency,Tornado_index_Tornado_index_bolt_extension_data,0.019062739903706626,Tornado_index_Tornado_index_bolt_extension_query,0.0,,minup time,1181,maxup time,1188,total,Bolt id,Tornado_index,Emitted,Tornado_index_bolt_extension_query,5209540,Tornado_index_bolt_extension_data,56450940,,Eexecuted,querySource_default,50000000,Tweets_default,689345740,,ExecutedstdquerySource_default,0.0,Tweets_default,8479771.15567655,,Eexecute_Latency,querySource_default,0.013319999999999999,Tweets_default,0.004412652063318045,,minup time,1181,maxup time,1186,Bolt id,Tornado,Emitted,_bolt_output_extension,78260,,Eexecuted,Tornado_index_Tornado_index_bolt_extension_data,56464640,Tornado_index_Tornado_index_bolt_extension_query,5209640,,ExecutedstdTornado_index_Tornado_index_bolt_extension_data,1790261.4091478235,Tornado_index_Tornado_index_bolt_extension_query,106297.58189763279,,Eexecute_Latency,Tornado_index_Tornado_index_bolt_extension_data,0.020548951206888384,Tornado_index_Tornado_index_bolt_extension_query,0.03538652403362252,,minup time,1181,maxup time,1188,
Topology Id, Tornado-8-1462097078,Number of Workers,63,600,Spid,Tweets , emitt,852863 , ack,0 , failed,0 , completeLatency,0.0, upTime,1247_1244_1244_1247_1247_1247_1244_1245_1248_1247_1247_1245_1246_1247_1243_,Spid,querySource , emitt,0 , ack,0 , failed,0 , completeLatency,0.0, upTime,1240_,totall,Spid,Tweets , emitt,742055760 , ack,0 , failed,0 , completeLatency,0.0, upTime,1247_1244_1244_1247_1247_1247_1244_1245_1248_1247_1247_1245_1246_1247_1243_,Spid,querySource , emitt,4999980 , ack,0 , failed,0 , completeLatency,0.0, upTime,1240_,600,Bolt id,Tornado_index,Emitted,Tornado_index_bolt_extension_query,0,Tornado_index_bolt_extension_data,69885,,Eexecuted,querySource_default,0,Tweets_default,852764,,ExecutedstdquerySource_default,0.0,Tweets_default,10465.469352787788,,Eexecute_Latency,querySource_default,0.0,Tweets_default,0.004415134931349556,,minup time,1241,maxup time,1248,Bolt id,Tornado,Emitted,_bolt_output_extension,96,,Eexecuted,Tornado_index_Tornado_index_bolt_extension_data,69887,Tornado_index_Tornado_index_bolt_extension_query,0,,ExecutedstdTornado_index_Tornado_index_bolt_extension_data,2215.6887425543414,Tornado_index_Tornado_index_bolt_extension_query,0.0,,Eexecute_Latency,Tornado_index_Tornado_index_bolt_extension_data,0.01866992563619914,Tornado_index_Tornado_index_bolt_extension_query,0.0,,minup time,1241,maxup time,1250,total,Bolt id,Tornado_index,Emitted,Tornado_index_bolt_extension_query,5209540,Tornado_index_bolt_extension_data,60735880,,Eexecuted,querySource_default,50000000,Tweets_default,741697580,,ExecutedstdquerySource_default,0.0,Tweets_default,9102825.535252009,,Eexecute_Latency,querySource_default,0.013319999999999999,Tweets_default,0.004403314981823542,,minup time,1241,maxup time,1248,Bolt id,Tornado,Emitted,_bolt_output_extension,84260,,Eexecuted,Tornado_index_Tornado_index_bolt_extension_data,60737200,Tornado_index_Tornado_index_bolt_extension_query,5209640,,ExecutedstdTornado_index_Tornado_index_bolt_extension_data,1925776.9206398588,Tornado_index_Tornado_index_bolt_extension_query,106297.58189763279,,Eexecute_Latency,Tornado_index_Tornado_index_bolt_extension_data,0.02024656158160166,Tornado_index_Tornado_index_bolt_extension_query,0.03538652403362252,,minup time,1241,maxup time,1250,

numberOfackers,0,evaluatorParrellism,36,routingParrellism,10,spoutParallesim,15,numberOfQueryKeywords,1,numberOfQueries,5000000,spatialRange,5.0,localIndexType,HYBRID_GRID,globalIndexType,PARTITIONED
Topology Id, Tornado-9-1462098407,Number of Workers,63,600,Spid,Tweets , emitt,744299 , ack,0 , failed,0 , completeLatency,0.0, upTime,886_883_884_886_884_883_884_887_884_883_886_884_883_884_883_,Spid,querySource , emitt,0 , ack,0 , failed,0 , completeLatency,0.0, upTime,880_,totall,Spid,Tweets , emitt,512602940 , ack,0 , failed,0 , completeLatency,0.0, upTime,886_883_884_886_884_883_884_887_884_883_886_884_883_884_883_,Spid,querySource , emitt,5000000 , ack,0 , failed,0 , completeLatency,0.0, upTime,880_,600,Bolt id,Tornado_index,Emitted,Tornado_index_bolt_extension_query,0,Tornado_index_bolt_extension_data,741237,,Eexecuted,querySource_default,0,Tweets_default,741238,,ExecutedstdquerySource_default,0.0,Tweets_default,12446.0363673783,,Eexecute_Latency,querySource_default,0.0,Tweets_default,0.004134080273851932,,minup time,878,maxup time,887,Bolt id,Tornado,Emitted,_bolt_output_extension,84,,Eexecuted,Tornado_index_Tornado_index_bolt_extension_data,741214,Tornado_index_Tornado_index_bolt_extension_query,0,,ExecutedstdTornado_index_Tornado_index_bolt_extension_data,16292.444401121966,Tornado_index_Tornado_index_bolt_extension_query,0.0,,Eexecute_Latency,Tornado_index_Tornado_index_bolt_extension_data,0.005030561920109209,Tornado_index_Tornado_index_bolt_extension_query,0.0,,minup time,878,maxup time,888,total,Bolt id,Tornado_index,Emitted,Tornado_index_bolt_extension_query,5209680,Tornado_index_bolt_extension_data,509707860,,Eexecuted,querySource_default,5000000,Tweets_default,509708020,,ExecutedstdquerySource_default,0.0,Tweets_default,8437616.29205998,,Eexecute_Latency,querySource_default,0.023576000000000003,Tweets_default,0.004125678784316656,,minup time,878,maxup time,887,Bolt id,Tornado,Emitted,_bolt_output_extension,58260,,Eexecuted,Tornado_index_Tornado_index_bolt_extension_data,509842360,Tornado_index_Tornado_index_bolt_extension_query,5209600,,ExecutedstdTornado_index_Tornado_index_bolt_extension_data,1.1205230776211696E7,Tornado_index_Tornado_index_bolt_extension_query,106295.97498854523,,Eexecute_Latency,Tornado_index_Tornado_index_bolt_extension_data,0.005036026526039859,Tornado_index_Tornado_index_bolt_extension_query,0.026675495385645513,,minup time,878,maxup time,888,
Topology Id, Tornado-9-1462098407,Number of Workers,63,600,Spid,Tweets , emitt,745499 , ack,0 , failed,0 , completeLatency,0.0, upTime,947_946_947_946_947_947_947_947_947_944_946_944_946_947_946_,Spid,querySource , emitt,0 , ack,0 , failed,0 , completeLatency,0.0, upTime,941_,totall,Spid,Tweets , emitt,558950740 , ack,0 , failed,0 , completeLatency,0.0, upTime,947_946_947_946_947_947_947_947_947_944_946_944_946_947_946_,Spid,querySource , emitt,5000000 , ack,0 , failed,0 , completeLatency,0.0, upTime,941_,600,Bolt id,Tornado_index,Emitted,Tornado_index_bolt_extension_query,0,Tornado_index_bolt_extension_data,742439,,Eexecuted,querySource_default,0,Tweets_default,742440,,ExecutedstdquerySource_default,0.0,Tweets_default,12561.202965903762,,Eexecute_Latency,querySource_default,0.0,Tweets_default,0.004147930897818479,,minup time,942,maxup time,947,Bolt id,Tornado,Emitted,_bolt_output_extension,84,,Eexecuted,Tornado_index_Tornado_index_bolt_extension_data,742483,Tornado_index_Tornado_index_bolt_extension_query,0,,ExecutedstdTornado_index_Tornado_index_bolt_extension_data,16316.746102317866,Tornado_index_Tornado_index_bolt_extension_query,0.0,,Eexecute_Latency,Tornado_index_Tornado_index_bolt_extension_data,0.005026534101350827,Tornado_index_Tornado_index_bolt_extension_query,0.0,,minup time,941,maxup time,950,total,Bolt id,Tornado_index,Emitted,Tornado_index_bolt_extension_query,5209680,Tornado_index_bolt_extension_data,556114180,,Eexecuted,querySource_default,5000000,Tweets_default,556114420,,ExecutedstdquerySource_default,0.0,Tweets_default,9200663.92273275,,Eexecute_Latency,querySource_default,0.023576000000000003,Tweets_default,0.0041444428710591475,,minup time,942,maxup time,947,Bolt id,Tornado,Emitted,_bolt_output_extension,63480,,Eexecuted,Tornado_index_Tornado_index_bolt_extension_data,556060620,Tornado_index_Tornado_index_bolt_extension_query,5209600,,ExecutedstdTornado_index_Tornado_index_bolt_extension_data,1.2219257550149975E7,Tornado_index_Tornado_index_bolt_extension_query,106295.97498854523,,Eexecute_Latency,Tornado_index_Tornado_index_bolt_extension_data,0.005027417966597833,Tornado_index_Tornado_index_bolt_extension_query,0.026675495385645513,,minup time,941,maxup time,950,
Topology Id, Tornado-9-1462098407,Number of Workers,63,600,Spid,Tweets , emitt,746199 , ack,0 , failed,0 , completeLatency,0.0, upTime,1010_1007_1007_1009_1007_1007_1007_1010_1008_1007_1009_1007_1007_1007_1006_,Spid,querySource , emitt,0 , ack,0 , failed,0 , completeLatency,0.0, upTime,1004_,totall,Spid,Tweets , emitt,604910580 , ack,0 , failed,0 , completeLatency,0.0, upTime,1010_1007_1007_1009_1007_1007_1007_1010_1008_1007_1009_1007_1007_1007_1006_,Spid,querySource , emitt,5000000 , ack,0 , failed,0 , completeLatency,0.0, upTime,1004_,600,Bolt id,Tornado_index,Emitted,Tornado_index_bolt_extension_query,0,Tornado_index_bolt_extension_data,743845,,Eexecuted,querySource_default,0,Tweets_default,743846,,ExecutedstdquerySource_default,0.0,Tweets_default,12503.244585136426,,Eexecute_Latency,querySource_default,0.0,Tweets_default,0.0041048179385075895,,minup time,1002,maxup time,1010,Bolt id,Tornado,Emitted,_bolt_output_extension,84,,Eexecuted,Tornado_index_Tornado_index_bolt_extension_data,743819,Tornado_index_Tornado_index_bolt_extension_query,0,,ExecutedstdTornado_index_Tornado_index_bolt_extension_data,16351.218757862502,Tornado_index_Tornado_index_bolt_extension_query,0.0,,Eexecute_Latency,Tornado_index_Tornado_index_bolt_extension_data,0.005024160062575802,Tornado_index_Tornado_index_bolt_extension_query,0.0,,minup time,1002,maxup time,1011,total,Bolt id,Tornado_index,Emitted,Tornado_index_bolt_extension_query,5209680,Tornado_index_bolt_extension_data,602271960,,Eexecuted,querySource_default,5000000,Tweets_default,602272240,,ExecutedstdquerySource_default,0.0,Tweets_default,9924808.807922902,,Eexecute_Latency,querySource_default,0.023576000000000003,Tweets_default,0.004122823680872547,,minup time,1002,maxup time,1010,Bolt id,Tornado,Emitted,_bolt_output_extension,68700,,Eexecuted,Tornado_index_Tornado_index_bolt_extension_data,602398500,Tornado_index_Tornado_index_bolt_extension_query,5209600,,ExecutedstdTornado_index_Tornado_index_bolt_extension_data,1.3235092355729794E7,Tornado_index_Tornado_index_bolt_extension_query,106295.97498854523,,Eexecute_Latency,Tornado_index_Tornado_index_bolt_extension_data,0.005014729244365554,Tornado_index_Tornado_index_bolt_extension_query,0.026675495385645513,,minup time,1002,maxup time,1011,
Topology Id, Tornado-9-1462098407,Number of Workers,63,600,Spid,Tweets , emitt,746634 , ack,0 , failed,0 , completeLatency,0.0, upTime,1061_1058_1058_1060_1062_1061_1058_1062_1059_1058_1061_1059_1058_1061_1058_,Spid,querySource , emitt,0 , ack,0 , failed,0 , completeLatency,0.0, upTime,1055_,totall,Spid,Tweets , emitt,643636120 , ack,0 , failed,0 , completeLatency,0.0, upTime,1061_1058_1058_1060_1062_1061_1058_1062_1059_1058_1061_1059_1058_1061_1058_,Spid,querySource , emitt,5000000 , ack,0 , failed,0 , completeLatency,0.0, upTime,1055_,600,Bolt id,Tornado_index,Emitted,Tornado_index_bolt_extension_query,0,Tornado_index_bolt_extension_data,744486,,Eexecuted,querySource_default,0,Tweets_default,744487,,ExecutedstdquerySource_default,0.0,Tweets_default,12421.41144086283,,Eexecute_Latency,querySource_default,0.0,Tweets_default,0.004093789034394524,,minup time,1053,maxup time,1061,Bolt id,Tornado,Emitted,_bolt_output_extension,84,,Eexecuted,Tornado_index_Tornado_index_bolt_extension_data,744477,Tornado_index_Tornado_index_bolt_extension_query,0,,ExecutedstdTornado_index_Tornado_index_bolt_extension_data,16376.602694421365,Tornado_index_Tornado_index_bolt_extension_query,0.0,,Eexecute_Latency,Tornado_index_Tornado_index_bolt_extension_data,0.005020050841500556,Tornado_index_Tornado_index_bolt_extension_query,0.0,,minup time,1053,maxup time,1062,total,Bolt id,Tornado_index,Emitted,Tornado_index_bolt_extension_query,5209680,Tornado_index_bolt_extension_data,640730420,,Eexecuted,querySource_default,5000000,Tweets_default,640730680,,ExecutedstdquerySource_default,0.0,Tweets_default,1.0528016023989325E7,,Eexecute_Latency,querySource_default,0.023576000000000003,Tweets_default,0.004116128452375715,,minup time,1053,maxup time,1061,Bolt id,Tornado,Emitted,_bolt_output_extension,72980,,Eexecuted,Tornado_index_Tornado_index_bolt_extension_data,640794780,Tornado_index_Tornado_index_bolt_extension_query,5209600,,ExecutedstdTornado_index_Tornado_index_bolt_extension_data,1.4085252407675968E7,Tornado_index_Tornado_index_bolt_extension_query,106295.97498854523,,Eexecute_Latency,Tornado_index_Tornado_index_bolt_extension_data,0.005022423457618302,Tornado_index_Tornado_index_bolt_extension_query,0.026675495385645513,,minup time,1053,maxup time,1062,

numberOfackers,0,evaluatorParrellism,36,routingParrellism,10,spoutParallesim,15,numberOfQueryKeywords,1,numberOfQueries,5000000,spatialRange,5.0,localIndexType,HYBRID_GRID,globalIndexType,PARTITIONED_TEXT_AWARE
Topology Id, Tornado-10-1462099557,Number of Workers,63,600,Spid,Tweets , emitt,740908 , ack,0 , failed,0 , completeLatency,0.0, upTime,1062_1061_1061_1058_1058_1063_1061_1061_1061_1060_1063_1058_1063_1061_1058_,Spid,querySource , emitt,0 , ack,0 , failed,0 , completeLatency,0.0, upTime,1057_,totall,Spid,Tweets , emitt,508112200 , ack,0 , failed,0 , completeLatency,0.0, upTime,1062_1061_1061_1058_1058_1063_1061_1061_1061_1060_1063_1058_1063_1061_1058_,Spid,querySource , emitt,5000000 , ack,0 , failed,0 , completeLatency,0.0, upTime,1057_,600,Bolt id,Tornado_index,Emitted,Tornado_index_bolt_extension_query,0,Tornado_index_bolt_extension_data,527214,,Eexecuted,querySource_default,0,Tweets_default,741143,,ExecutedstdquerySource_default,0.0,Tweets_default,12320.36799684301,,Eexecute_Latency,querySource_default,0.0,Tweets_default,0.007002909953439112,,minup time,1057,maxup time,1064,Bolt id,Tornado,Emitted,_bolt_output_extension,44416,,Eexecuted,Tornado_index_Tornado_index_bolt_extension_data,527183,Tornado_index_Tornado_index_bolt_extension_query,0,,ExecutedstdTornado_index_Tornado_index_bolt_extension_data,11563.04844208926,Tornado_index_Tornado_index_bolt_extension_query,0.0,,Eexecute_Latency,Tornado_index_Tornado_index_bolt_extension_data,0.007688367668666134,Tornado_index_Tornado_index_bolt_extension_query,0.0,,minup time,1055,maxup time,1064,total,Bolt id,Tornado_index,Emitted,Tornado_index_bolt_extension_query,5209720,Tornado_index_bolt_extension_data,360853800,,Eexecuted,querySource_default,50000000,Tweets_default,507564280,,ExecutedstdquerySource_default,0.0,Tweets_default,8309183.146399891,,Eexecute_Latency,querySource_default,0.0117312,Tweets_default,0.006997281653014132,,minup time,1057,maxup time,1064,Bolt id,Tornado,Emitted,_bolt_output_extension,30485400,,Eexecuted,Tornado_index_Tornado_index_bolt_extension_data,360854520,Tornado_index_Tornado_index_bolt_extension_query,5209520,,ExecutedstdTornado_index_Tornado_index_bolt_extension_data,7911140.880400528,Tornado_index_Tornado_index_bolt_extension_query,106294.46681997708,,Eexecute_Latency,Tornado_index_Tornado_index_bolt_extension_data,0.0077558633681004095,Tornado_index_Tornado_index_bolt_extension_query,0.03773361174412162,,minup time,1055,maxup time,1064,
Topology Id, Tornado-10-1462099557,Number of Workers,63,600,Spid,Tweets , emitt,741912 , ack,0 , failed,0 , completeLatency,0.0, upTime,1122_1121_1124_1121_1121_1123_1121_1121_1122_1123_1124_1122_1123_1121_1121_,Spid,querySource , emitt,0 , ack,0 , failed,0 , completeLatency,0.0, upTime,1117_,totall,Spid,Tweets , emitt,553889880 , ack,0 , failed,0 , completeLatency,0.0, upTime,1122_1121_1124_1121_1121_1123_1121_1121_1122_1123_1124_1122_1123_1121_1121_,Spid,querySource , emitt,5000000 , ack,0 , failed,0 , completeLatency,0.0, upTime,1117_,600,Bolt id,Tornado_index,Emitted,Tornado_index_bolt_extension_query,0,Tornado_index_bolt_extension_data,527880,,Eexecuted,querySource_default,0,Tweets_default,741961,,ExecutedstdquerySource_default,0.0,Tweets_default,12603.879654299839,,Eexecute_Latency,querySource_default,0.0,Tweets_default,0.00699570932484493,,minup time,1118,maxup time,1125,Bolt id,Tornado,Emitted,_bolt_output_extension,44462,,Eexecuted,Tornado_index_Tornado_index_bolt_extension_data,527883,Tornado_index_Tornado_index_bolt_extension_query,0,,ExecutedstdTornado_index_Tornado_index_bolt_extension_data,11569.158578666966,Tornado_index_Tornado_index_bolt_extension_query,0.0,,Eexecute_Latency,Tornado_index_Tornado_index_bolt_extension_data,0.007697627942154468,Tornado_index_Tornado_index_bolt_extension_query,0.0,,minup time,1117,maxup time,1125,total,Bolt id,Tornado_index,Emitted,Tornado_index_bolt_extension_query,5209720,Tornado_index_bolt_extension_data,393612080,,Eexecuted,querySource_default,50000000,Tweets_default,553550480,,ExecutedstdquerySource_default,0.0,Tweets_default,9128979.263870414,,Eexecute_Latency,querySource_default,0.0117312,Tweets_default,0.0070003645406756495,,minup time,1118,maxup time,1125,Bolt id,Tornado,Emitted,_bolt_output_extension,33216640,,Eexecuted,Tornado_index_Tornado_index_bolt_extension_data,393695180,Tornado_index_Tornado_index_bolt_extension_query,5209520,,ExecutedstdTornado_index_Tornado_index_bolt_extension_data,8634014.470160257,Tornado_index_Tornado_index_bolt_extension_query,106294.46681997708,,Eexecute_Latency,Tornado_index_Tornado_index_bolt_extension_data,0.007739646601228072,Tornado_index_Tornado_index_bolt_extension_query,0.03773361174412162,,minup time,1117,maxup time,1125,
Topology Id, Tornado-10-1462099557,Number of Workers,63,600,Spid,Tweets , emitt,742774 , ack,0 , failed,0 , completeLatency,0.0, upTime,1176_1173_1175_1173_1172_1174_1172_1172_1173_1174_1175_1173_1178_1175_1172_,Spid,querySource , emitt,0 , ack,0 , failed,0 , completeLatency,0.0, upTime,1169_,totall,Spid,Tweets , emitt,592419400 , ack,0 , failed,0 , completeLatency,0.0, upTime,1176_1173_1175_1173_1172_1174_1172_1172_1173_1174_1175_1173_1178_1175_1172_,Spid,querySource , emitt,5000000 , ack,0 , failed,0 , completeLatency,0.0, upTime,1169_,600,Bolt id,Tornado_index,Emitted,Tornado_index_bolt_extension_query,0,Tornado_index_bolt_extension_data,528079,,Eexecuted,querySource_default,0,Tweets_default,742588,,ExecutedstdquerySource_default,0.0,Tweets_default,12697.479297298363,,Eexecute_Latency,querySource_default,0.0,Tweets_default,0.006934115934234606,,minup time,1169,maxup time,1176,Bolt id,Tornado,Emitted,_bolt_output_extension,44465,,Eexecuted,Tornado_index_Tornado_index_bolt_extension_data,528060,Tornado_index_Tornado_index_bolt_extension_query,0,,ExecutedstdTornado_index_Tornado_index_bolt_extension_data,11581.2777501097,Tornado_index_Tornado_index_bolt_extension_query,0.0,,Eexecute_Latency,Tornado_index_Tornado_index_bolt_extension_data,0.007675607069186931,Tornado_index_Tornado_index_bolt_extension_query,0.0,,minup time,1168,maxup time,1177,total,Bolt id,Tornado_index,Emitted,Tornado_index_bolt_extension_query,5209720,Tornado_index_bolt_extension_data,420733880,,Eexecuted,querySource_default,50000000,Tweets_default,591804420,,ExecutedstdquerySource_default,0.0,Tweets_default,9806444.844413087,,Eexecute_Latency,querySource_default,0.0117312,Tweets_default,0.006964901596185655,,minup time,1169,maxup time,1176,Bolt id,Tornado,Emitted,_bolt_output_extension,35506800,,Eexecuted,Tornado_index_Tornado_index_bolt_extension_data,420767500,Tornado_index_Tornado_index_bolt_extension_query,5209520,,ExecutedstdTornado_index_Tornado_index_bolt_extension_data,9227144.847007804,Tornado_index_Tornado_index_bolt_extension_query,106294.46681997708,,Eexecute_Latency,Tornado_index_Tornado_index_bolt_extension_data,0.0077411890553871305,Tornado_index_Tornado_index_bolt_extension_query,0.03773361174412162,,minup time,1168,maxup time,1177,
Topology Id, Tornado-10-1462099557,Number of Workers,63,600,Spid,Tweets , emitt,743601 , ack,0 , failed,0 , completeLatency,0.0, upTime,1236_1236_1235_1233_1232_1238_1236_1235_1236_1235_1238_1233_1238_1236_1236_,Spid,querySource , emitt,0 , ack,0 , failed,0 , completeLatency,0.0, upTime,1232_,totall,Spid,Tweets , emitt,638300640 , ack,0 , failed,0 , completeLatency,0.0, upTime,1236_1236_1235_1233_1232_1238_1236_1235_1236_1235_1238_1233_1238_1236_1236_,Spid,querySource , emitt,5000000 , ack,0 , failed,0 , completeLatency,0.0, upTime,1232_,600,Bolt id,Tornado_index,Emitted,Tornado_index_bolt_extension_query,0,Tornado_index_bolt_extension_data,528988,,Eexecuted,querySource_default,0,Tweets_default,743804,,ExecutedstdquerySource_default,0.0,Tweets_default,12733.864451158945,,Eexecute_Latency,querySource_default,0.0,Tweets_default,0.006948746163527525,,minup time,1232,maxup time,1239,Bolt id,Tornado,Emitted,_bolt_output_extension,44570,,Eexecuted,Tornado_index_Tornado_index_bolt_extension_data,528862,Tornado_index_Tornado_index_bolt_extension_query,0,,ExecutedstdTornado_index_Tornado_index_bolt_extension_data,11599.941203928505,Tornado_index_Tornado_index_bolt_extension_query,0.0,,Eexecute_Latency,Tornado_index_Tornado_index_bolt_extension_data,0.00762347797259391,Tornado_index_Tornado_index_bolt_extension_query,0.0,,minup time,1231,maxup time,1239,total,Bolt id,Tornado_index,Emitted,Tornado_index_bolt_extension_query,5209720,Tornado_index_bolt_extension_data,453866340,,Eexecuted,querySource_default,50000000,Tweets_default,638394900,,ExecutedstdquerySource_default,0.0,Tweets_default,1.0513113415502565E7,,Eexecute_Latency,querySource_default,0.0117312,Tweets_default,0.006964922217371157,,minup time,1232,maxup time,1239,Bolt id,Tornado,Emitted,_bolt_output_extension,38305980,,Eexecuted,Tornado_index_Tornado_index_bolt_extension_data,453748660,Tornado_index_Tornado_index_bolt_extension_query,5209520,,ExecutedstdTornado_index_Tornado_index_bolt_extension_data,9951840.986628763,Tornado_index_Tornado_index_bolt_extension_query,106294.46681997708,,Eexecute_Latency,Tornado_index_Tornado_index_bolt_extension_data,0.007706966617326115,Tornado_index_Tornado_index_bolt_extension_query,0.03773361174412162,,minup time,1231,maxup time,1239,

numberOfackers,0,evaluatorParrellism,36,routingParrellism,10,spoutParallesim,15,numberOfQueryKeywords,1,numberOfQueries,5000000,spatialRange,5.0,localIndexType,HYBRID_GRID,globalIndexType,PARTITIONED
Topology Id, Tornado-11-1462100886,Number of Workers,63,600,Spid,Tweets , emitt,737575 , ack,0 , failed,0 , completeLatency,0.0, upTime,874_875_875_877_875_877_875_874_875_874_877_875_877_874_872_,Spid,querySource , emitt,0 , ack,0 , failed,0 , completeLatency,0.0, upTime,871_,totall,Spid,Tweets , emitt,502253740 , ack,0 , failed,0 , completeLatency,0.0, upTime,874_875_875_877_875_877_875_874_875_874_877_875_877_874_872_,Spid,querySource , emitt,5000020 , ack,0 , failed,0 , completeLatency,0.0, upTime,871_,600,Bolt id,Tornado_index,Emitted,Tornado_index_bolt_extension_query,0,Tornado_index_bolt_extension_data,737367,,Eexecuted,querySource_default,0,Tweets_default,737367,,ExecutedstdquerySource_default,0.0,Tweets_default,13527.89529501379,,Eexecute_Latency,querySource_default,0.0,Tweets_default,0.004121819575811564,,minup time,870,maxup time,877,Bolt id,Tornado,Emitted,_bolt_output_extension,44151,,Eexecuted,Tornado_index_Tornado_index_bolt_extension_data,737307,Tornado_index_Tornado_index_bolt_extension_query,0,,ExecutedstdTornado_index_Tornado_index_bolt_extension_data,16217.8244363325,Tornado_index_Tornado_index_bolt_extension_query,0.0,,Eexecute_Latency,Tornado_index_Tornado_index_bolt_extension_data,0.00630935822765732,Tornado_index_Tornado_index_bolt_extension_query,0.0,,minup time,871,maxup time,878,total,Bolt id,Tornado_index,Emitted,Tornado_index_bolt_extension_query,5209640,Tornado_index_bolt_extension_data,501239320,,Eexecuted,querySource_default,5000000,Tweets_default,501239460,,ExecutedstdquerySource_default,0.0,Tweets_default,9087562.360910874,,Eexecute_Latency,querySource_default,0.021768,Tweets_default,0.004130198481017875,,minup time,870,maxup time,877,Bolt id,Tornado,Emitted,_bolt_output_extension,30079980,,Eexecuted,Tornado_index_Tornado_index_bolt_extension_data,501222320,Tornado_index_Tornado_index_bolt_extension_query,5209580,,ExecutedstdTornado_index_Tornado_index_bolt_extension_data,1.1021625749511002E7,Tornado_index_Tornado_index_bolt_extension_query,106296.16084695848,,Eexecute_Latency,Tornado_index_Tornado_index_bolt_extension_data,0.006349407438378693,Tornado_index_Tornado_index_bolt_extension_query,0.029345133980231933,,minup time,871,maxup time,878,
Topology Id, Tornado-11-1462100886,Number of Workers,63,600,Spid,Tweets , emitt,738239 , ack,0 , failed,0 , completeLatency,0.0, upTime,938_938_938_937_938_937_935_938_939_934_937_935_937_937_935_,Spid,querySource , emitt,0 , ack,0 , failed,0 , completeLatency,0.0, upTime,931_,totall,Spid,Tweets , emitt,547826680 , ack,0 , failed,0 , completeLatency,0.0, upTime,938_938_938_937_938_937_935_938_939_934_937_935_937_937_935_,Spid,querySource , emitt,5000020 , ack,0 , failed,0 , completeLatency,0.0, upTime,931_,600,Bolt id,Tornado_index,Emitted,Tornado_index_bolt_extension_query,0,Tornado_index_bolt_extension_data,738325,,Eexecuted,querySource_default,0,Tweets_default,738326,,ExecutedstdquerySource_default,0.0,Tweets_default,13747.25616446513,,Eexecute_Latency,querySource_default,0.0,Tweets_default,0.004123722665378233,,minup time,933,maxup time,938,Bolt id,Tornado,Emitted,_bolt_output_extension,44221,,Eexecuted,Tornado_index_Tornado_index_bolt_extension_data,738317,Tornado_index_Tornado_index_bolt_extension_query,0,,ExecutedstdTornado_index_Tornado_index_bolt_extension_data,16225.466480372066,Tornado_index_Tornado_index_bolt_extension_query,0.0,,Eexecute_Latency,Tornado_index_Tornado_index_bolt_extension_data,0.0063204709960371554,Tornado_index_Tornado_index_bolt_extension_query,0.0,,minup time,931,maxup time,939,total,Bolt id,Tornado_index,Emitted,Tornado_index_bolt_extension_query,5209640,Tornado_index_bolt_extension_data,546772220,,Eexecuted,querySource_default,5000000,Tweets_default,546772220,,ExecutedstdquerySource_default,0.0,Tweets_default,9984156.60475115,,Eexecute_Latency,querySource_default,0.021768,Tweets_default,0.0041393823017430885,,minup time,933,maxup time,938,Bolt id,Tornado,Emitted,_bolt_output_extension,32812860,,Eexecuted,Tornado_index_Tornado_index_bolt_extension_data,547004800,Tornado_index_Tornado_index_bolt_extension_query,5209580,,ExecutedstdTornado_index_Tornado_index_bolt_extension_data,1.202502789385795E7,Tornado_index_Tornado_index_bolt_extension_query,106296.16084695848,,Eexecute_Latency,Tornado_index_Tornado_index_bolt_extension_data,0.006357282536922379,Tornado_index_Tornado_index_bolt_extension_query,0.029345133980231933,,minup time,931,maxup time,939,
Topology Id, Tornado-11-1462100886,Number of Workers,63,600,Spid,Tweets , emitt,739621 , ack,0 , failed,0 , completeLatency,0.0, upTime,1001_998_998_1000_998_1000_998_1001_999_998_1000_998_1001_997_995_,Spid,querySource , emitt,0 , ack,0 , failed,0 , completeLatency,0.0, upTime,995_,totall,Spid,Tweets , emitt,594105640 , ack,0 , failed,0 , completeLatency,0.0, upTime,1001_998_998_1000_998_1000_998_1001_999_998_1000_998_1001_997_995_,Spid,querySource , emitt,5000020 , ack,0 , failed,0 , completeLatency,0.0, upTime,995_,600,Bolt id,Tornado_index,Emitted,Tornado_index_bolt_extension_query,0,Tornado_index_bolt_extension_data,738335,,Eexecuted,querySource_default,0,Tweets_default,738336,,ExecutedstdquerySource_default,0.0,Tweets_default,13846.929915727073,,Eexecute_Latency,querySource_default,0.0,Tweets_default,0.004089649834500656,,minup time,997,maxup time,1001,Bolt id,Tornado,Emitted,_bolt_output_extension,44256,,Eexecuted,Tornado_index_Tornado_index_bolt_extension_data,738338,Tornado_index_Tornado_index_bolt_extension_query,0,,ExecutedstdTornado_index_Tornado_index_bolt_extension_data,16225.217962514404,Tornado_index_Tornado_index_bolt_extension_query,0.0,,Eexecute_Latency,Tornado_index_Tornado_index_bolt_extension_data,0.00631392667194035,Tornado_index_Tornado_index_bolt_extension_query,0.0,,minup time,995,maxup time,1002,total,Bolt id,Tornado_index,Emitted,Tornado_index_bolt_extension_query,5209640,Tornado_index_bolt_extension_data,592673520,,Eexecuted,querySource_default,5000000,Tweets_default,592673660,,ExecutedstdquerySource_default,0.0,Tweets_default,1.0834395191946987E7,,Eexecute_Latency,querySource_default,0.021768,Tweets_default,0.004131628506866864,,minup time,997,maxup time,1001,Bolt id,Tornado,Emitted,_bolt_output_extension,35582080,,Eexecuted,Tornado_index_Tornado_index_bolt_extension_data,592715400,Tornado_index_Tornado_index_bolt_extension_query,5209580,,ExecutedstdTornado_index_Tornado_index_bolt_extension_data,1.3022328170518428E7,Tornado_index_Tornado_index_bolt_extension_query,106296.16084695848,,Eexecute_Latency,Tornado_index_Tornado_index_bolt_extension_data,0.006349374759972373,Tornado_index_Tornado_index_bolt_extension_query,0.029345133980231933,,minup time,995,maxup time,1002,
Topology Id, Tornado-11-1462100886,Number of Workers,63,600,Spid,Tweets , emitt,740001 , ack,0 , failed,0 , completeLatency,0.0, upTime,1061_1061_1061_1060_1061_1060_1058_1061_1062_1058_1061_1058_1061_1060_1059_,Spid,querySource , emitt,0 , ack,0 , failed,0 , completeLatency,0.0, upTime,1055_,totall,Spid,Tweets , emitt,639579540 , ack,0 , failed,0 , completeLatency,0.0, upTime,1061_1061_1061_1060_1061_1060_1058_1061_1062_1058_1061_1058_1061_1060_1059_,Spid,querySource , emitt,5000020 , ack,0 , failed,0 , completeLatency,0.0, upTime,1055_,600,Bolt id,Tornado_index,Emitted,Tornado_index_bolt_extension_query,0,Tornado_index_bolt_extension_data,739728,,Eexecuted,querySource_default,0,Tweets_default,739729,,ExecutedstdquerySource_default,0.0,Tweets_default,13963.15876647802,,Eexecute_Latency,querySource_default,0.0,Tweets_default,0.004108358380756416,,minup time,1057,maxup time,1062,Bolt id,Tornado,Emitted,_bolt_output_extension,44326,,Eexecuted,Tornado_index_Tornado_index_bolt_extension_data,739738,Tornado_index_Tornado_index_bolt_extension_query,0,,ExecutedstdTornado_index_Tornado_index_bolt_extension_data,16268.177388708871,Tornado_index_Tornado_index_bolt_extension_query,0.0,,Eexecute_Latency,Tornado_index_Tornado_index_bolt_extension_data,0.0063115502090594616,Tornado_index_Tornado_index_bolt_extension_query,0.0,,minup time,1055,maxup time,1063,total,Bolt id,Tornado_index,Emitted,Tornado_index_bolt_extension_query,5209640,Tornado_index_bolt_extension_data,638302240,,Eexecuted,querySource_default,5000000,Tweets_default,638302380,,ExecutedstdquerySource_default,0.0,Tweets_default,1.1730511980054239E7,,Eexecute_Latency,querySource_default,0.021768,Tweets_default,0.004140619697464129,,minup time,1057,maxup time,1062,Bolt id,Tornado,Emitted,_bolt_output_extension,38319140,,Eexecuted,Tornado_index_Tornado_index_bolt_extension_data,638324460,Tornado_index_Tornado_index_bolt_extension_query,5209580,,ExecutedstdTornado_index_Tornado_index_bolt_extension_data,1.402694079912998E7,Tornado_index_Tornado_index_bolt_extension_query,106296.16084695848,,Eexecute_Latency,Tornado_index_Tornado_index_bolt_extension_data,0.006334936308853991,Tornado_index_Tornado_index_bolt_extension_query,0.029345133980231933,,minup time,1055,maxup time,1063,

numberOfackers,0,evaluatorParrellism,36,routingParrellism,10,spoutParallesim,15,numberOfQueryKeywords,1,numberOfQueries,5000000,spatialRange,5.0,localIndexType,HYBRID_GRID,globalIndexType,PARTITIONED_TEXT_AWARE
Topology Id, Tornado-12-1462102036,Number of Workers,63,600,Spid,Tweets , emitt,723248 , ack,0 , failed,0 , completeLatency,0.0, upTime,1062_1061_1061_1058_1061_1061_1061_1061_1061_1061_1061_1061_1063_1061_1058_,Spid,querySource , emitt,0 , ack,0 , failed,0 , completeLatency,0.0, upTime,1058_,totall,Spid,Tweets , emitt,495786460 , ack,0 , failed,0 , completeLatency,0.0, upTime,1062_1061_1061_1058_1061_1061_1061_1061_1061_1061_1061_1061_1063_1061_1058_,Spid,querySource , emitt,4999980 , ack,0 , failed,0 , completeLatency,0.0, upTime,1058_,600,Bolt id,Tornado_index,Emitted,Tornado_index_bolt_extension_query,0,Tornado_index_bolt_extension_data,548713,,Eexecuted,querySource_default,0,Tweets_default,722951,,ExecutedstdquerySource_default,0.0,Tweets_default,11798.219270905929,,Eexecute_Latency,querySource_default,0.0,Tweets_default,0.006672871542237344,,minup time,1056,maxup time,1064,Bolt id,Tornado,Emitted,_bolt_output_extension,219507,,Eexecuted,Tornado_index_Tornado_index_bolt_extension_data,548737,Tornado_index_Tornado_index_bolt_extension_query,0,,ExecutedstdTornado_index_Tornado_index_bolt_extension_data,12034.225324917223,Tornado_index_Tornado_index_bolt_extension_query,0.0,,Eexecute_Latency,Tornado_index_Tornado_index_bolt_extension_data,0.014033605683725144,Tornado_index_Tornado_index_bolt_extension_query,0.0,,minup time,1056,maxup time,1064,total,Bolt id,Tornado_index,Emitted,Tornado_index_bolt_extension_query,5209720,Tornado_index_bolt_extension_data,376421960,,Eexecuted,querySource_default,50000000,Tweets_default,495409140,,ExecutedstdquerySource_default,0.0,Tweets_default,8032349.144035262,,Eexecute_Latency,querySource_default,0.011216,Tweets_default,0.006700760220093577,,minup time,1056,maxup time,1064,Bolt id,Tornado,Emitted,_bolt_output_extension,150634560,,Eexecuted,Tornado_index_Tornado_index_bolt_extension_data,376193740,Tornado_index_Tornado_index_bolt_extension_query,5209640,,ExecutedstdTornado_index_Tornado_index_bolt_extension_data,8241704.917082548,Tornado_index_Tornado_index_bolt_extension_query,106296.73490101793,,Eexecute_Latency,Tornado_index_Tornado_index_bolt_extension_data,0.014159200125960515,Tornado_index_Tornado_index_bolt_extension_query,0.0379935728270842,,minup time,1056,maxup time,1064,
Topology Id, Tornado-12-1462102036,Number of Workers,63,600,Spid,Tweets , emitt,724376 , ack,0 , failed,0 , completeLatency,0.0, upTime,1125_1124_1124_1121_1124_1124_1121_1121_1121_1124_1124_1121_1124_1124_1121_,Spid,querySource , emitt,0 , ack,0 , failed,0 , completeLatency,0.0, upTime,1118_,totall,Spid,Tweets , emitt,541284860 , ack,0 , failed,0 , completeLatency,0.0, upTime,1125_1124_1124_1121_1124_1124_1121_1121_1121_1124_1124_1121_1124_1124_1121_,Spid,querySource , emitt,4999980 , ack,0 , failed,0 , completeLatency,0.0, upTime,1118_,600,Bolt id,Tornado_index,Emitted,Tornado_index_bolt_extension_query,0,Tornado_index_bolt_extension_data,549245,,Eexecuted,querySource_default,0,Tweets_default,723432,,ExecutedstdquerySource_default,0.0,Tweets_default,11977.435126535554,,Eexecute_Latency,querySource_default,0.0,Tweets_default,0.006658352957661382,,minup time,1119,maxup time,1124,Bolt id,Tornado,Emitted,_bolt_output_extension,219746,,Eexecuted,Tornado_index_Tornado_index_bolt_extension_data,549287,Tornado_index_Tornado_index_bolt_extension_query,0,,ExecutedstdTornado_index_Tornado_index_bolt_extension_data,12038.208662868226,Tornado_index_Tornado_index_bolt_extension_query,0.0,,Eexecute_Latency,Tornado_index_Tornado_index_bolt_extension_data,0.014024847774120849,Tornado_index_Tornado_index_bolt_extension_query,0.0,,minup time,1118,maxup time,1125,total,Bolt id,Tornado_index,Emitted,Tornado_index_bolt_extension_query,5209720,Tornado_index_bolt_extension_data,410284420,,Eexecuted,querySource_default,50000000,Tweets_default,540097440,,ExecutedstdquerySource_default,0.0,Tweets_default,8774215.080111952,,Eexecute_Latency,querySource_default,0.011216,Tweets_default,0.006695059226982651,,minup time,1119,maxup time,1124,Bolt id,Tornado,Emitted,_bolt_output_extension,164289980,,Eexecuted,Tornado_index_Tornado_index_bolt_extension_data,410440340,Tornado_index_Tornado_index_bolt_extension_query,5209640,,ExecutedstdTornado_index_Tornado_index_bolt_extension_data,8998107.548367523,Tornado_index_Tornado_index_bolt_extension_query,106296.73490101793,,Eexecute_Latency,Tornado_index_Tornado_index_bolt_extension_data,0.014144313117358226,Tornado_index_Tornado_index_bolt_extension_query,0.0379935728270842,,minup time,1118,maxup time,1125,
Topology Id, Tornado-12-1462102036,Number of Workers,63,600,Spid,Tweets , emitt,724468 , ack,0 , failed,0 , completeLatency,0.0, upTime,1188_1184_1185_1181_1184_1187_1184_1185_1185_1184_1184_1184_1187_1185_1181_,Spid,querySource , emitt,0 , ack,0 , failed,0 , completeLatency,0.0, upTime,1181_,totall,Spid,Tweets , emitt,585627080 , ack,0 , failed,0 , completeLatency,0.0, upTime,1188_1184_1185_1181_1184_1187_1184_1185_1185_1184_1184_1184_1187_1185_1181_,Spid,querySource , emitt,4999980 , ack,0 , failed,0 , completeLatency,0.0, upTime,1181_,600,Bolt id,Tornado_index,Emitted,Tornado_index_bolt_extension_query,0,Tornado_index_bolt_extension_data,550037,,Eexecuted,querySource_default,0,Tweets_default,724237,,ExecutedstdquerySource_default,0.0,Tweets_default,12250.70087517665,,Eexecute_Latency,querySource_default,0.0,Tweets_default,0.0066493481724484525,,minup time,1179,maxup time,1187,Bolt id,Tornado,Emitted,_bolt_output_extension,220043,,Eexecuted,Tornado_index_Tornado_index_bolt_extension_data,549973,Tornado_index_Tornado_index_bolt_extension_query,0,,ExecutedstdTornado_index_Tornado_index_bolt_extension_data,12053.674651617284,Tornado_index_Tornado_index_bolt_extension_query,0.0,,Eexecute_Latency,Tornado_index_Tornado_index_bolt_extension_data,0.014009749245315858,Tornado_index_Tornado_index_bolt_extension_query,0.0,,minup time,1179,maxup time,1188,total,Bolt id,Tornado_index,Emitted,Tornado_index_bolt_extension_query,5209720,Tornado_index_bolt_extension_data,444749320,,Eexecuted,querySource_default,50000000,Tweets_default,585261200,,ExecutedstdquerySource_default,0.0,Tweets_default,9701201.811058257,,Eexecute_Latency,querySource_default,0.011216,Tweets_default,0.0067006621502771965,,minup time,1179,maxup time,1187,Bolt id,Tornado,Emitted,_bolt_output_extension,178133160,,Eexecuted,Tornado_index_Tornado_index_bolt_extension_data,444819420,Tornado_index_Tornado_index_bolt_extension_query,5209640,,ExecutedstdTornado_index_Tornado_index_bolt_extension_data,9748023.089602863,Tornado_index_Tornado_index_bolt_extension_query,106296.73490101793,,Eexecute_Latency,Tornado_index_Tornado_index_bolt_extension_data,0.014112246865364587,Tornado_index_Tornado_index_bolt_extension_query,0.0379935728270842,,minup time,1179,maxup time,1188,
Topology Id, Tornado-12-1462102036,Number of Workers,63,600,Spid,Tweets , emitt,725296 , ack,0 , failed,0 , completeLatency,0.0, upTime,1248_1247_1248_1244_1248_1248_1244_1245_1245_1247_1247_1244_1247_1248_1245_,Spid,querySource , emitt,0 , ack,0 , failed,0 , completeLatency,0.0, upTime,1241_,totall,Spid,Tweets , emitt,630449800 , ack,0 , failed,0 , completeLatency,0.0, upTime,1248_1247_1248_1244_1248_1248_1244_1245_1245_1247_1247_1244_1247_1248_1245_,Spid,querySource , emitt,4999980 , ack,0 , failed,0 , completeLatency,0.0, upTime,1241_,600,Bolt id,Tornado_index,Emitted,Tornado_index_bolt_extension_query,0,Tornado_index_bolt_extension_data,550465,,Eexecuted,querySource_default,0,Tweets_default,725064,,ExecutedstdquerySource_default,0.0,Tweets_default,12511.387805818214,,Eexecute_Latency,querySource_default,0.0,Tweets_default,0.006615064984909184,,minup time,1242,maxup time,1248,Bolt id,Tornado,Emitted,_bolt_output_extension,220165,,Eexecuted,Tornado_index_Tornado_index_bolt_extension_data,550420,Tornado_index_Tornado_index_bolt_extension_query,0,,ExecutedstdTornado_index_Tornado_index_bolt_extension_data,12070.135512996236,Tornado_index_Tornado_index_bolt_extension_query,0.0,,Eexecute_Latency,Tornado_index_Tornado_index_bolt_extension_data,0.014068907896523371,Tornado_index_Tornado_index_bolt_extension_query,0.0,,minup time,1241,maxup time,1249,total,Bolt id,Tornado_index,Emitted,Tornado_index_bolt_extension_query,5209720,Tornado_index_bolt_extension_data,478719420,,Eexecuted,querySource_default,50000000,Tweets_default,630038100,,ExecutedstdquerySource_default,0.0,Tweets_default,1.0492574250355344E7,,Eexecute_Latency,querySource_default,0.011216,Tweets_default,0.006685360267687482,,minup time,1242,maxup time,1248,Bolt id,Tornado,Emitted,_bolt_output_extension,191595780,,Eexecuted,Tornado_index_Tornado_index_bolt_extension_data,478583660,Tornado_index_Tornado_index_bolt_extension_query,5209640,,ExecutedstdTornado_index_Tornado_index_bolt_extension_data,1.0489043698687043E7,Tornado_index_Tornado_index_bolt_extension_query,106296.73490101793,,Eexecute_Latency,Tornado_index_Tornado_index_bolt_extension_data,0.01412430415263092,Tornado_index_Tornado_index_bolt_extension_query,0.0379935728270842,,minup time,1241,maxup time,1249,

numberOfackers,0,evaluatorParrellism,36,routingParrellism,10,spoutParallesim,15,numberOfQueryKeywords,1,numberOfQueries,5000000,spatialRange,5.0,localIndexType,HYBRID_GRID,globalIndexType,PARTITIONED
Topology Id, Tornado-13-1462103365,Number of Workers,63,600,Spid,Tweets , emitt,726684 , ack,0 , failed,0 , completeLatency,0.0, upTime,886_883_884_887_883_886_884_886_884_883_887_884_886_884_883_,Spid,querySource , emitt,0 , ack,0 , failed,0 , completeLatency,0.0, upTime,880_,totall,Spid,Tweets , emitt,501025660 , ack,0 , failed,0 , completeLatency,0.0, upTime,886_883_884_887_883_886_884_886_884_883_887_884_886_884_883_,Spid,querySource , emitt,5000000 , ack,0 , failed,0 , completeLatency,0.0, upTime,880_,600,Bolt id,Tornado_index,Emitted,Tornado_index_bolt_extension_query,0,Tornado_index_bolt_extension_data,725710,,Eexecuted,querySource_default,0,Tweets_default,725710,,ExecutedstdquerySource_default,0.0,Tweets_default,12106.213602632177,,Eexecute_Latency,querySource_default,0.0,Tweets_default,0.004201201023951845,,minup time,878,maxup time,887,Bolt id,Tornado,Emitted,_bolt_output_extension,220422,,Eexecuted,Tornado_index_Tornado_index_bolt_extension_data,725627,Tornado_index_Tornado_index_bolt_extension_query,0,,ExecutedstdTornado_index_Tornado_index_bolt_extension_data,15954.19521494331,Tornado_index_Tornado_index_bolt_extension_query,0.0,,Eexecute_Latency,Tornado_index_Tornado_index_bolt_extension_data,0.011315173593251127,Tornado_index_Tornado_index_bolt_extension_query,0.0,,minup time,879,maxup time,887,total,Bolt id,Tornado_index,Emitted,Tornado_index_bolt_extension_query,5209640,Tornado_index_bolt_extension_data,499435600,,Eexecuted,querySource_default,5000000,Tweets_default,499435460,,ExecutedstdquerySource_default,0.0,Tweets_default,8160524.757529016,,Eexecute_Latency,querySource_default,0.017716,Tweets_default,0.0042025688442611075,,minup time,878,maxup time,887,Bolt id,Tornado,Emitted,_bolt_output_extension,152037380,,Eexecuted,Tornado_index_Tornado_index_bolt_extension_data,499634700,Tornado_index_Tornado_index_bolt_extension_query,5209620,,ExecutedstdTornado_index_Tornado_index_bolt_extension_data,1.098174628079845E7,Tornado_index_Tornado_index_bolt_extension_query,106293.4098903178,,Eexecute_Latency,Tornado_index_Tornado_index_bolt_extension_data,0.011357061851662721,Tornado_index_Tornado_index_bolt_extension_query,0.026497194354318212,,minup time,879,maxup time,887,
Topology Id, Tornado-13-1462103365,Number of Workers,63,600,Spid,Tweets , emitt,728268 , ack,0 , failed,0 , completeLatency,0.0, upTime,946_946_947_947_947_946_947_947_944_946_947_944_946_947_946_,Spid,querySource , emitt,0 , ack,0 , failed,0 , completeLatency,0.0, upTime,940_,totall,Spid,Tweets , emitt,546310920 , ack,0 , failed,0 , completeLatency,0.0, upTime,946_946_947_947_947_946_947_947_944_946_947_944_946_947_946_,Spid,querySource , emitt,5000000 , ack,0 , failed,0 , completeLatency,0.0, upTime,940_,600,Bolt id,Tornado_index,Emitted,Tornado_index_bolt_extension_query,0,Tornado_index_bolt_extension_data,727396,,Eexecuted,querySource_default,0,Tweets_default,727396,,ExecutedstdquerySource_default,0.0,Tweets_default,12217.60324280187,,Eexecute_Latency,querySource_default,0.0,Tweets_default,0.004202206503873893,,minup time,941,maxup time,947,Bolt id,Tornado,Emitted,_bolt_output_extension,221067,,Eexecuted,Tornado_index_Tornado_index_bolt_extension_data,727467,Tornado_index_Tornado_index_bolt_extension_query,0,,ExecutedstdTornado_index_Tornado_index_bolt_extension_data,15984.91790045283,Tornado_index_Tornado_index_bolt_extension_query,0.0,,Eexecute_Latency,Tornado_index_Tornado_index_bolt_extension_data,0.011297881910940463,Tornado_index_Tornado_index_bolt_extension_query,0.0,,minup time,942,maxup time,949,total,Bolt id,Tornado_index,Emitted,Tornado_index_bolt_extension_query,5209640,Tornado_index_bolt_extension_data,545124040,,Eexecuted,querySource_default,5000000,Tweets_default,545123880,,ExecutedstdquerySource_default,0.0,Tweets_default,8888894.699248945,,Eexecute_Latency,querySource_default,0.017716,Tweets_default,0.004199885542680494,,minup time,941,maxup time,947,Bolt id,Tornado,Emitted,_bolt_output_extension,165800600,,Eexecuted,Tornado_index_Tornado_index_bolt_extension_data,545010880,Tornado_index_Tornado_index_bolt_extension_query,5209620,,ExecutedstdTornado_index_Tornado_index_bolt_extension_data,1.1980105549448261E7,Tornado_index_Tornado_index_bolt_extension_query,106293.4098903178,,Eexecute_Latency,Tornado_index_Tornado_index_bolt_extension_data,0.01133979368693934,Tornado_index_Tornado_index_bolt_extension_query,0.026497194354318212,,minup time,942,maxup time,949,
Topology Id, Tornado-13-1462103365,Number of Workers,63,600,Spid,Tweets , emitt,728997 , ack,0 , failed,0 , completeLatency,0.0, upTime,997_997_998_998_998_997_998_998_995_997_1001_995_997_998_998_,Spid,querySource , emitt,0 , ack,0 , failed,0 , completeLatency,0.0, upTime,994_,totall,Spid,Tweets , emitt,584117360 , ack,0 , failed,0 , completeLatency,0.0, upTime,997_997_998_998_998_997_998_998_995_997_1001_995_997_998_998_,Spid,querySource , emitt,5000000 , ack,0 , failed,0 , completeLatency,0.0, upTime,994_,600,Bolt id,Tornado_index,Emitted,Tornado_index_bolt_extension_query,0,Tornado_index_bolt_extension_data,728497,,Eexecuted,querySource_default,0,Tweets_default,728497,,ExecutedstdquerySource_default,0.0,Tweets_default,12222.476204807484,,Eexecute_Latency,querySource_default,0.0,Tweets_default,0.0041856353781560395,,minup time,992,maxup time,1001,Bolt id,Tornado,Emitted,_bolt_output_extension,221521,,Eexecuted,Tornado_index_Tornado_index_bolt_extension_data,728601,Tornado_index_Tornado_index_bolt_extension_query,0,,ExecutedstdTornado_index_Tornado_index_bolt_extension_data,16009.423723535152,Tornado_index_Tornado_index_bolt_extension_query,0.0,,Eexecute_Latency,Tornado_index_Tornado_index_bolt_extension_data,0.011272413063273666,Tornado_index_Tornado_index_bolt_extension_query,0.0,,minup time,993,maxup time,1001,total,Bolt id,Tornado_index,Emitted,Tornado_index_bolt_extension_query,5209640,Tornado_index_bolt_extension_data,583526260,,Eexecuted,querySource_default,5000000,Tweets_default,583526140,,ExecutedstdquerySource_default,0.0,Tweets_default,9501387.15225961,,Eexecute_Latency,querySource_default,0.017716,Tweets_default,0.004204674182524748,,minup time,992,maxup time,1001,Bolt id,Tornado,Emitted,_bolt_output_extension,177581200,,Eexecuted,Tornado_index_Tornado_index_bolt_extension_data,583318020,Tornado_index_Tornado_index_bolt_extension_query,5209620,,ExecutedstdTornado_index_Tornado_index_bolt_extension_data,1.281205372876077E7,Tornado_index_Tornado_index_bolt_extension_query,106293.4098903178,,Eexecute_Latency,Tornado_index_Tornado_index_bolt_extension_data,0.011329790239965385,Tornado_index_Tornado_index_bolt_extension_query,0.026497194354318212,,minup time,993,maxup time,1001,
Topology Id, Tornado-13-1462103365,Number of Workers,63,600,Spid,Tweets , emitt,730053 , ack,0 , failed,0 , completeLatency,0.0, upTime,1061_1057_1058_1061_1058_1061_1059_1061_1058_1057_1061_1058_1060_1058_1058_,Spid,querySource , emitt,0 , ack,0 , failed,0 , completeLatency,0.0, upTime,1054_,totall,Spid,Tweets , emitt,629758680 , ack,0 , failed,0 , completeLatency,0.0, upTime,1061_1057_1058_1061_1058_1061_1059_1061_1058_1057_1061_1058_1060_1058_1058_,Spid,querySource , emitt,5000000 , ack,0 , failed,0 , completeLatency,0.0, upTime,1054_,600,Bolt id,Tornado_index,Emitted,Tornado_index_bolt_extension_query,0,Tornado_index_bolt_extension_data,729247,,Eexecuted,querySource_default,0,Tweets_default,729247,,ExecutedstdquerySource_default,0.0,Tweets_default,12227.339855019776,,Eexecute_Latency,querySource_default,0.0,Tweets_default,0.004189881696110937,,minup time,1056,maxup time,1062,Bolt id,Tornado,Emitted,_bolt_output_extension,221430,,Eexecuted,Tornado_index_Tornado_index_bolt_extension_data,729197,Tornado_index_Tornado_index_bolt_extension_query,0,,ExecutedstdTornado_index_Tornado_index_bolt_extension_data,16038.368689854446,Tornado_index_Tornado_index_bolt_extension_query,0.0,,Eexecute_Latency,Tornado_index_Tornado_index_bolt_extension_data,0.011245210964373687,Tornado_index_Tornado_index_bolt_extension_query,0.0,,minup time,1053,maxup time,1062,total,Bolt id,Tornado_index,Emitted,Tornado_index_bolt_extension_query,5209640,Tornado_index_bolt_extension_data,628594400,,Eexecuted,querySource_default,5000000,Tweets_default,628594260,,ExecutedstdquerySource_default,0.0,Tweets_default,1.0264279230866821E7,,Eexecute_Latency,querySource_default,0.017716,Tweets_default,0.00421453316568365,,minup time,1056,maxup time,1062,Bolt id,Tornado,Emitted,_bolt_output_extension,191315640,,Eexecuted,Tornado_index_Tornado_index_bolt_extension_data,628968220,Tornado_index_Tornado_index_bolt_extension_query,5209620,,ExecutedstdTornado_index_Tornado_index_bolt_extension_data,1.3825440380347533E7,Tornado_index_Tornado_index_bolt_extension_query,106293.4098903178,,Eexecute_Latency,Tornado_index_Tornado_index_bolt_extension_data,0.01131810853955189,Tornado_index_Tornado_index_bolt_extension_query,0.026497194354318212,,minup time,1053,maxup time,1062,

